{"episode_lengths": [10000], "timestamps": [1522890989.746134], "episode_rewards": [10000.0], "initial_reset_timestamp": 1522890652.624479, "episode_types": ["t"]}